PHASE,COMPONENT,TASK_ID,TASK_NAME,DEPENDENCIES,EST_TIME,PRIORITY,OWNER,STATUS,SUCCESS_CRITERIA
1,Design-Tokens,DT-001,Create color palette tokens (primary secondary accent),[],"30min",P0,Design-Team,pending,"tokens.colors object contains minimum 8 colors; all colors have hex values"
1,Design-Tokens,DT-002,Create typography scale tokens (h1-h6 body small),"[DT-001]","20min",P0,Design-Team,pending,"tokens.typography object contains all sizes weights line-heights; all values valid CSS"
1,Design-Tokens,DT-003,Create motion tokens (quick smooth dramatic),"[DT-001]","20min",P0,Design-Team,pending,"tokens.motion object has 3+ named animations with duration and easing"
1,Design-Tokens,DT-004,Create spacing scale tokens (4 8 16 24 32),"[DT-001]","15min",P0,Design-Team,pending,"tokens.spacing array has 5+ values in pixels"
1,Design-Tokens,DT-005,Create shadow elevation tokens (1-5 levels),"[DT-001]","15min",P0,Design-Team,pending,"tokens.shadows object has 5 elevation levels with valid box-shadow CSS"
1,Design-Tokens,DT-006,Create border-radius tokens (small medium large),"[DT-001]","10min",P0,Design-Team,pending,"tokens.borderRadius object has at least 3 radius values"
1,Design-Tokens,DT-007,Create design-tokens.js export file,"[DT-001,DT-002,DT-003,DT-004,DT-005,DT-006]","20min",P0,Frontend-Team-1,pending,"File exists at src/www/design-tokens.js and exports valid JS object"
1,Design-Tokens,DT-008,Write design tokens unit tests (color contrast WCAG AA),"[DT-007]","45min",P0,QA-Team-1,pending,"Test file passes; all colors have 4.5:1+ contrast ratio; motion values valid CSS"
1,Design-Tokens,DT-009,Verify all tokens are referenced in no existing code,"[DT-007]","20min",P0,Frontend-Team-1,pending,"Grep search shows no hardcoded color spacing motion values in existing components"
1,Design-Tokens,DT-010,Document token structure in CLAUDE.md,"[DT-007]","30min",P0,Documentation-Team,pending,"CLAUDE.md updated with token definitions usage examples"
1,Motion-Utilities,MU-001,Create motion-utils.js file,"[DT-003,DT-007]","20min",P0,Frontend-Team-1,pending,"File exists at src/www/motion-utils.js and exports functions"
1,Motion-Utilities,MU-002,Implement staggerAnimation utility function,"[MU-001,DT-003]","30min",P0,Frontend-Team-1,pending,"Function takes count and delayStep; returns array with correct delay values"
1,Motion-Utilities,MU-003,Implement generateKeyframes utility function,"[MU-001,DT-003]","30min",P0,Frontend-Team-1,pending,"Function generates valid CSS keyframes from animation name and tokens"
1,Motion-Utilities,MU-004,Implement delayedAnimation utility function,"[MU-001,DT-003]","20min",P0,Frontend-Team-1,pending,"Function applies delay to animation based on token duration"
1,Motion-Utilities,MU-005,Implement easeAnimation utility function,"[MU-001,DT-003]","20min",P0,Frontend-Team-1,pending,"Function applies easing from tokens to animation"
1,Motion-Utilities,MU-006,Unit test staggerAnimation function,"[MU-002]","30min",P0,QA-Team-1,pending,"Test covers: correct count; correct delay increments; array length"
1,Motion-Utilities,MU-007,Unit test generateKeyframes function,"[MU-003]","30min",P0,QA-Team-1,pending,"Test covers: valid keyframes output; token values applied; CSS validity"
1,Motion-Utilities,MU-008,Unit test delayedAnimation function,"[MU-004]","20min",P0,QA-Team-1,pending,"Test covers: token duration applied; delay calculation correct"
1,Motion-Utilities,MU-009,Unit test easeAnimation function,"[MU-005]","20min",P0,QA-Team-1,pending,"Test covers: token easing applied; valid CSS easing value"
1,Motion-Utilities,MU-010,Integration test motion utilities with design tokens,"[MU-006,MU-007,MU-008,MU-009,DT-008]","30min",P0,QA-Team-1,pending,"All motion utilities reference tokens correctly; no hardcoded values"
1,Style-Factory,SF-001,Create style-factory.js file,"[DT-007,MU-010]","20min",P0,Frontend-Team-1,pending,"File exists at src/www/style-factory.js and exports functions"
1,Style-Factory,SF-002,Implement generateThemeStyles function (light mode),"[SF-001,DT-001]","40min",P0,Frontend-Team-1,pending,"Function returns valid CSS object for light theme using tokens"
1,Style-Factory,SF-003,Implement generateThemeStyles function (dark mode),"[SF-002,DT-001]","40min",P0,Frontend-Team-1,pending,"Function returns valid CSS object for dark theme with high contrast"
1,Style-Factory,SF-004,Implement createResponsiveStyles function,"[SF-001,DT-004]","40min",P0,Frontend-Team-1,pending,"Function generates media queries using tokens for tablet and mobile breakpoints"
1,Style-Factory,SF-005,Implement applyThemeToElement function,"[SF-001,DT-001]","30min",P0,Frontend-Team-1,pending,"Function sets CSS variables or inline styles on DOM element"
1,Style-Factory,SF-006,Implement getContrastRatio function,"[SF-001,DT-001]","30min",P0,Frontend-Team-1,pending,"Function calculates contrast ratio between two colors; validates WCAG AA"
1,Style-Factory,SF-007,Unit test generateThemeStyles light mode,"[SF-002]","30min",P0,QA-Team-1,pending,"Test covers: all theme colors applied; valid CSS output; no errors"
1,Style-Factory,SF-008,Unit test generateThemeStyles dark mode,"[SF-003]","30min",P0,QA-Team-1,pending,"Test covers: dark colors applied; contrast ratios verified; readability confirmed"
1,Style-Factory,SF-009,Unit test createResponsiveStyles function,"[SF-004]","30min",P0,QA-Team-1,pending,"Test covers: correct media queries; token values applied; breakpoints correct"
1,Style-Factory,SF-010,Unit test getContrastRatio function,"[SF-006]","30min",P0,QA-Team-1,pending,"Test covers: known color pairs; WCAG AA threshold validation; edge cases"
1,Style-Factory,SF-011,Integration test style factory with tokens,"[SF-007,SF-008,SF-009,SF-010,DT-008]","30min",P0,QA-Team-1,pending,"All styles reference tokens; no hardcoded values; all tests pass"
1,Style-Factory,SF-012,Manual test light theme appearance (desktop),"[SF-002,SF-007]","20min",P0,QA-Team-1,pending,"Open browser; verify all colors match tokens; check contrast with axe DevTools"
1,Style-Factory,SF-013,Manual test dark theme appearance (desktop),"[SF-003,SF-008]","20min",P0,QA-Team-1,pending,"Open browser; verify dark colors applied; check contrast 4.5:1 minimum"
1,Design-System,DS-001,Create design-system documentation file,"[DT-010,MU-010,SF-011]","30min",P0,Documentation-Team,pending,"Document created with token structure utility functions and usage examples"
2,React-Core,RC-001,Create App.jsx component wrapper,"[]","30min",P0,Frontend-Team-2,pending,"File exists at src/www/App.jsx and exports React component"
2,React-Core,RC-002,Implement React Context for ThemeProvider,"[RC-001,DT-007]","30min",P0,Frontend-Team-2,pending,"ThemeContext.jsx created; exports ThemeProvider and useTheme hook"
2,React-Core,RC-003,Implement React Context for UIStateProvider,"[RC-001]","30min",P0,Frontend-Team-2,pending,"UIStateContext.jsx created; exports UIStateProvider and useUIState hook"
2,React-Core,RC-004,Create useTheme custom hook,"[RC-002]","20min",P0,Frontend-Team-2,pending,"Hook allows access to current theme and setTheme function"
2,React-Core,RC-005,Create useUIState custom hook,"[RC-003]","20min",P0,Frontend-Team-2,pending,"Hook allows access to UI state (loading error success) and update functions"
2,React-Core,RC-006,Create useReducedMotion custom hook,"[DT-003]","20min",P0,Frontend-Team-2,pending,"Hook respects prefers-reduced-motion media query; returns boolean"
2,React-Core,RC-007,Unit test ThemeContext,"[RC-002,RC-004]","30min",P0,QA-Team-1,pending,"Test covers: provider renders; hook works; theme changes propagate"
2,React-Core,RC-008,Unit test UIStateContext,"[RC-003,RC-005]","30min",P0,QA-Team-1,pending,"Test covers: provider renders; hook works; state changes propagate"
2,React-Core,RC-009,Unit test useReducedMotion hook,"[RC-006]","20min",P0,QA-Team-1,pending,"Test covers: correct media query detection; boolean value returned"
2,React-Core,RC-010,Create Layout component (header footer main),"[RC-001,RC-002]","45min",P0,Frontend-Team-2,pending,"Layout.jsx created; has header main footer sections; uses tokens for spacing"
2,React-Core,RC-011,Implement sticky header in Layout,"[RC-010]","30min",P0,Frontend-Team-2,pending,"Header sticks to top on scroll; z-index correct; shadow applied"
2,React-Core,RC-012,Create ThemeToggle component,"[RC-004]","30min",P0,Frontend-Team-2,pending,"Component renders toggle button; calls useTheme setTheme; label accessible"
2,React-Core,RC-013,Unit test Layout component,"[RC-010,RC-011]","30min",P0,QA-Team-1,pending,"Test covers: renders with children; header sticky; footer visible"
2,React-Core,RC-014,Unit test ThemeToggle component,"[RC-012,RC-004]","20min",P0,QA-Team-1,pending,"Test covers: renders correctly; click changes theme; ARIA labels present"
2,React-Core,RC-015,Integration test theme switching,"[RC-014,RC-004]","30min",P0,QA-Team-1,pending,"Click toggle; verify useTheme hook updates; verify Layout reflects new theme"
2,React-Integration,RI-001,Create index.jsx entry point file,"[RC-001,RC-002,RC-003]","20min",P0,Frontend-Team-2,pending,"File exists at src/www/index.jsx; renders React app to DOM"
2,React-Integration,RI-002,Update public/index.html to use React root,"[RI-001]","20min",P0,Frontend-Team-2,pending,"index.html has div#root; loads src/www/index.jsx; no console errors"
2,React-Integration,RI-003,Create ErrorBoundary component,"[RC-001]","30min",P0,Frontend-Team-2,pending,"Component catches React errors; displays user-friendly message; has fallback UI"
2,React-Integration,RI-004,Unit test ErrorBoundary component,"[RI-003]","20min",P0,QA-Team-1,pending,"Test covers: error caught; fallback UI displayed; no cascade errors"
2,React-Integration,RI-005,Wrap App with ErrorBoundary,"[RI-003,RC-001]","10min",P0,Frontend-Team-2,pending,"App.jsx wrapped with ErrorBoundary; all errors caught"
2,React-Integration,RI-006,Verify React development tools work,"[RI-002,RI-005]","15min",P0,Frontend-Team-1,pending,"React DevTools browser extension works; component tree visible; hooks visible"
2,React-Integration,RI-007,Test React app loads without errors,"[RI-002,RI-005]","15min",P0,QA-Team-1,pending,"npm start runs; localhost:3000 loads; no console errors; React app mounts"
2,Component-Migration,CM-001,Migrate ErrorBoundary to use React Context,"[RI-003,RC-002]","20min",P0,Frontend-Team-2,pending,"Component accesses UIState context; updates on error state changes"
2,Component-Migration,CM-002,Migrate LoadingOverlay to use React Context,"[RC-003,RC-005]","30min",P0,Frontend-Team-2,pending,"Component accesses UIState context; respects prefers-reduced-motion"
2,Component-Migration,CM-003,Migrate NavigationBar to use React Context,"[RC-002,RC-004]","30min",P0,Frontend-Team-2,pending,"Component accesses theme context; renders theme toggle button"
2,Component-Migration,CM-004,Migrate DiagnosisForm to use React Context,"[RC-003,RC-005]","30min",P0,Frontend-Team-2,pending,"Component accesses UIState context; dispatches actions on submit"
2,Component-Migration,CM-005,Migrate ResultsDisplay to use React Context,"[RC-003,RC-005]","30min",P0,Frontend-Team-2,pending,"Component accesses UIState context; renders based on state"
2,Component-Migration,CM-006,Migrate DashboardPanel to use React Context,"[RC-003,RC-005]","30min",P0,Frontend-Team-2,pending,"Component accesses UIState context; collapses on small screens"
2,Component-Migration,CM-007,Migrate PipelineVisualization to use React Context,"[RC-003,RC-005]","30min",P0,Frontend-Team-2,pending,"Component accesses UIState context; shows pipeline stages"
2,Component-Migration,CM-008,Unit test all migrated components,"[CM-001,CM-002,CM-003,CM-004,CM-005,CM-006,CM-007]","60min",P0,QA-Team-1,pending,"All component tests pass; context values accessible; no console errors"
2,Component-Migration,CM-009,Integration test all components together,"[CM-008]","45min",P0,QA-Team-1,pending,"All components render in isolation; render together without errors"
3,Motion-Components,MC-001,Create AnimatedSection component,"[DT-003,MU-010,RC-001]","40min",P0,Frontend-Team-2,pending,"Component renders with scroll-triggered animation; uses IntersectionObserver"
3,Motion-Components,MC-002,Create FadeIn component,"[DT-003,MU-010,RC-001]","30min",P0,Frontend-Team-2,pending,"Component renders with fade-in animation; accepts delay and duration props"
3,Motion-Components,MC-003,Create ZoomIn component,"[DT-003,MU-010,RC-001]","30min",P0,Frontend-Team-2,pending,"Component renders with zoom animation; accepts scale and duration props"
3,Motion-Components,MC-004,Create ScaleUp component,"[DT-003,MU-010,RC-001]","30min",P0,Frontend-Team-2,pending,"Component renders with scale-up animation; uses transform for GPU acceleration"
3,Motion-Components,MC-005,Create SlideIn component,"[DT-003,MU-010,RC-001]","30min",P0,Frontend-Team-2,pending,"Component renders with slide-in animation; direction prop (top left right bottom)"
3,Motion-Components,MC-006,Create StaggerList component,"[DT-003,MU-010,RC-001]","40min",P0,Frontend-Team-2,pending,"Component applies stagger animation to children; accepts delayStep prop"
3,Motion-Components,MC-007,Create ParallaxLayer component,"[DT-003,MU-010,RC-001]","40min",P0,Frontend-Team-2,pending,"Component applies parallax effect; uses scroll position; smooth at 60 FPS"
3,Motion-Components,MC-008,Implement scroll-to-animate logic for AnimatedSection,"[MC-001,RC-006]","40min",P0,Frontend-Team-2,pending,"AnimatedSection fires animation when scrolled into view; respects prefers-reduced-motion"
3,Motion-Components,MC-009,Unit test AnimatedSection component,"[MC-001,MC-008]","30min",P0,QA-Team-1,pending,"Test covers: renders children; IntersectionObserver called; animation fires"
3,Motion-Components,MC-010,Unit test FadeIn component,"[MC-002]","20min",P0,QA-Team-1,pending,"Test covers: renders correctly; animation applied; props work"
3,Motion-Components,MC-011,Unit test ZoomIn component,"[MC-003]","20min",P0,QA-Team-1,pending,"Test covers: renders correctly; animation applied; props work"
3,Motion-Components,MC-012,Unit test ScaleUp component,"[MC-004]","20min",P0,QA-Team-1,pending,"Test covers: renders correctly; animation applied; transform used"
3,Motion-Components,MC-013,Unit test SlideIn component,"[MC-005]","20min",P0,QA-Team-1,pending,"Test covers: renders correctly; animation applied; direction prop works"
3,Motion-Components,MC-014,Unit test StaggerList component,"[MC-006]","30min",P0,QA-Team-1,pending,"Test covers: children rendered; stagger applied correctly; timing correct"
3,Motion-Components,MC-015,Unit test ParallaxLayer component,"[MC-007]","30min",P0,QA-Team-1,pending,"Test covers: renders correctly; scroll listener attached; parallax applied"
3,Motion-Components,MC-016,Integration test all motion components,"[MC-009,MC-010,MC-011,MC-012,MC-013,MC-014,MC-015]","45min",P0,QA-Team-1,pending,"All tests pass; no animation conflicts; motion utils used correctly"
3,Motion-Components,MC-017,Visual test AnimatedSection on scroll (manual),"[MC-008,MC-009]","20min",P1,QA-Team-1,pending,"Scroll page; verify animation fires at correct point; smooth at 60 FPS"
3,Motion-Components,MC-018,Visual test ParallaxLayer depth (manual),"[MC-007,MC-015]","20min",P1,QA-Team-1,pending,"Scroll page; verify parallax layers move at different speeds; effect visible"
3,Motion-Components,MC-019,Visual test StaggerList animation (manual),"[MC-006,MC-014]","20min",P1,QA-Team-1,pending,"Verify list items animate in sequence; delay increases per item; smooth at 60 FPS"
3,Motion-Enhancement,ME-001,Update existing animations to use tokens,"[DT-003,MU-010]","60min",P0,Frontend-Team-1,pending,"All hardcoded animation values replaced with token references"
3,Motion-Enhancement,ME-002,Convert index.html inline styles to use tokens,"[DT-001,DT-004]","60min",P0,Frontend-Team-1,pending,"All hardcoded color spacing values replaced with token references"
3,Motion-Enhancement,ME-003,Add micro-interaction hover states,"[MC-002,DT-003,SF-001]","45min",P0,Frontend-Team-2,pending,"Buttons/cards scale and shadow on hover; smooth 150ms transition"
3,Motion-Enhancement,ME-004,Add micro-interaction focus states,"[RC-010,DT-003]","30min",P0,Frontend-Team-2,pending,"All interactive elements have visible focus outline; uses tokens"
3,Motion-Enhancement,ME-005,Add micro-interaction click feedback,"[DT-003]","30min",P0,Frontend-Team-2,pending,"Elements scale down on click; feedback clear; respects prefers-reduced-motion"
3,Motion-Enhancement,ME-006,Add micro-interaction drag feedback,"[DT-003,DT-001]","30min",P0,Frontend-Team-2,pending,"Cursor changes on drag; visual feedback clear; smooth at 60 FPS"
3,Motion-Enhancement,ME-007,Add motion to form field validation,"[DT-003]","30min",P0,Frontend-Team-2,pending,"Errors animate in; success feedback animates; clear to user"
3,Motion-Enhancement,ME-008,Visual test all hover states (manual),"[ME-003]","20min",P1,QA-Team-1,pending,"Hover over all buttons cards links; verify scale and shadow applied"
3,Motion-Enhancement,ME-009,Visual test all focus states (manual),"[ME-004]","20min",P1,QA-Team-1,pending,"Tab through all interactive elements; verify focus outline visible"
3,Motion-Enhancement,ME-010,Visual test all click feedback (manual),"[ME-005]","20min",P1,QA-Team-1,pending,"Click buttons; verify scale feedback; feedback clear and responsive"
4,Loading-States,LS-001,Create Skeleton component,"[DT-004,RC-001]","30min",P0,Frontend-Team-2,pending,"Component renders placeholder skeleton; uses tokens for spacing"
4,Loading-States,LS-002,Create SkeletonText variant,"[LS-001]","20min",P0,Frontend-Team-2,pending,"Renders multiple skeleton lines; adjustable line count"
4,Loading-States,LS-003,Create SkeletonCard variant,"[LS-001,DT-004]","20min",P0,Frontend-Team-2,pending,"Renders card skeleton with header and content area"
4,Loading-States,LS-004,Create SkeletonList variant,"[LS-001,LS-002]","20min",P0,Frontend-Team-2,pending,"Renders multiple skeleton items; adjustable item count"
4,Loading-States,LS-005,Create ProgressBar component,"[DT-003,RC-001]","30min",P0,Frontend-Team-2,pending,"Component displays animated progress indicator; accepts percentage prop"
4,Loading-States,LS-006,Create StepProgressBar component,"[DT-003,RC-001]","40min",P0,Frontend-Team-2,pending,"Component shows 4-step progress (Router Retriever Skeptic Verifier)"
4,Loading-States,LS-007,Create LoadingAnimation component,"[MC-002,DT-003]","20min",P0,Frontend-Team-2,pending,"Component shows spinner or skeleton; smooth at 60 FPS"
4,Loading-States,LS-008,Unit test Skeleton component,"[LS-001]","20min",P0,QA-Team-1,pending,"Test covers: renders skeleton; children not shown; animation smooth"
4,Loading-States,LS-009,Unit test SkeletonText variant,"[LS-002]","15min",P0,QA-Team-1,pending,"Test covers: correct number of lines; spacing correct; animation smooth"
4,Loading-States,LS-010,Unit test SkeletonCard variant,"[LS-003]","15min",P0,QA-Team-1,pending,"Test covers: card structure; content area; animation smooth"
4,Loading-States,LS-011,Unit test SkeletonList variant,"[LS-004]","15min",P0,QA-Team-1,pending,"Test covers: correct item count; spacing; stagger animation"
4,Loading-States,LS-012,Unit test ProgressBar component,"[LS-005]","20min",P0,QA-Team-1,pending,"Test covers: percentage applied; visual bar filled correctly; smooth"
4,Loading-States,LS-013,Unit test StepProgressBar component,"[LS-006]","20min",P0,QA-Team-1,pending,"Test covers: 4 steps shown; current step highlighted; labels visible"
4,Loading-States,LS-014,Unit test LoadingAnimation component,"[LS-007]","15min",P0,QA-Team-1,pending,"Test covers: renders spinner; smooth animation; respects prefers-reduced-motion"
4,Loading-States,LS-015,Integration test loading components,"[LS-008,LS-009,LS-010,LS-011,LS-012,LS-013,LS-014]","30min",P0,QA-Team-1,pending,"All loading components work together; no animation conflicts"
4,Loading-States,LS-016,Visual test Skeleton loading (manual),"[LS-001,LS-008]","15min",P1,QA-Team-1,pending,"Skeleton shows before content; fades to content; smooth transition"
4,Loading-States,LS-017,Visual test ProgressBar animation (manual),"[LS-005,LS-012]","15min",P1,QA-Team-1,pending,"Progress bar fills smoothly; percentage accurate; 60 FPS"
4,Loading-States,LS-018,Visual test StepProgressBar animation (manual),"[LS-006,LS-013]","15min",P1,QA-Team-1,pending,"4 steps shown; current step highlighted; smooth transitions"
4,Error-States,ES-001,Create ErrorState component,"[DT-001,RC-001]","30min",P0,Frontend-Team-2,pending,"Component displays error message; recovery action button; icon"
4,Error-States,ES-002,Create ErrorBoundaryFallback variant,"[ES-001]","20min",P0,Frontend-Team-2,pending,"Displays React error fallback; user-friendly message; suggest refresh"
4,Error-States,ES-003,Create NetworkErrorState variant,"[ES-001]","20min",P0,Frontend-Team-2,pending,"Displays network error; retry button; timeout indicator"
4,Error-States,ES-004,Create TimeoutErrorState variant,"[ES-001]","20min",P0,Frontend-Team-2,pending,"Displays timeout message; manual retry button; countdown timer"
4,Error-States,ES-005,Create ValidationErrorState variant,"[ES-001]","20min",P0,Frontend-Team-2,pending,"Displays validation errors; links to problem fields; clear guidance"
4,Error-States,ES-006,Create RateLimitErrorState variant,"[ES-001]","20min",P0,Frontend-Team-2,pending,"Displays rate limit message; shows wait time; auto-retry countdown"
4,Error-States,ES-007,Create OfflineState component,"[DT-001,RC-001]","20min",P0,Frontend-Team-2,pending,"Component detects offline status; displays message; shows reconnection status"
4,Error-States,ES-008,Unit test ErrorState component,"[ES-001]","20min",P0,QA-Team-1,pending,"Test covers: renders correctly; action button works; icon displays"
4,Error-States,ES-009,Unit test ErrorBoundaryFallback variant,"[ES-002]","15min",P0,QA-Team-1,pending,"Test covers: error message shown; refresh suggestion; no cascade errors"
4,Error-States,ES-010,Unit test NetworkErrorState variant,"[ES-003]","15min",P0,QA-Team-1,pending,"Test covers: network error message; retry button works; accessible"
4,Error-States,ES-011,Unit test TimeoutErrorState variant,"[ES-004]","15min",P0,QA-Team-1,pending,"Test covers: timeout message; countdown timer works; retry button"
4,Error-States,ES-012,Unit test ValidationErrorState variant,"[ES-005]","15min",P0,QA-Team-1,pending,"Test covers: errors listed; field links work; guidance clear"
4,Error-States,ES-013,Unit test RateLimitErrorState variant,"[ES-006]","15min",P0,QA-Team-1,pending,"Test covers: rate limit message; countdown correct; auto-retry"
4,Error-States,ES-014,Unit test OfflineState component,"[ES-007]","15min",P0,QA-Team-1,pending,"Test covers: offline detected; message shown; reconnection detected"
4,Error-States,ES-015,Integration test error components,"[ES-008,ES-009,ES-010,ES-011,ES-012,ES-013,ES-014]","30min",P0,QA-Team-1,pending,"All error states work; no conflicts; messages clear"
4,Empty-States,EM-001,Create EmptyState component,"[DT-001,RC-001]","20min",P0,Frontend-Team-2,pending,"Component displays when no results; encouraging message; call to action"
4,Empty-States,EM-002,Create EmptySearchResults variant,"[EM-001]","15min",P0,Frontend-Team-2,pending,"Suggests search refinement; shows example queries; link to help"
4,Empty-States,EM-003,Create EmptyHistoryState variant,"[EM-001]","15min",P0,Frontend-Team-2,pending,"Suggests first action; encouragement; next steps button"
4,Empty-States,EM-004,Unit test EmptyState component,"[EM-001]","15min",P0,QA-Team-1,pending,"Test covers: renders correctly; message visible; button works"
4,Empty-States,EM-005,Unit test EmptySearchResults variant,"[EM-002]","15min",P0,QA-Team-1,pending,"Test covers: suggestions shown; example queries; help link"
4,Empty-States,EM-006,Unit test EmptyHistoryState variant,"[EM-003]","15min",P0,QA-Team-1,pending,"Test covers: encouragement shown; action button works; next steps clear"
4,Sticky-Sections,ST-001,Create StickySection component,"[RC-001,DT-004]","30min",P0,Frontend-Team-2,pending,"Component sticks to viewport when scrolled; respects viewport bounds"
4,Sticky-Sections,ST-002,Create StickyCTA (Call-to-Action) component,"[ST-001,MC-002]","30min",P0,Frontend-Team-2,pending,"Call-to-action button sticks to screen; fades in/out based on scroll"
4,Sticky-Sections,ST-003,Create StickyComparisonTable component,"[ST-001,DT-004]","40min",P0,Frontend-Team-2,pending,"Feature comparison table stays visible; scrolls within sticky area"
4,Sticky-Sections,ST-004,Unit test StickySection component,"[ST-001]","20min",P0,QA-Team-1,pending,"Test covers: sticks to viewport; respects bounds; doesn't overlap"
4,Sticky-Sections,ST-005,Unit test StickyCTA component,"[ST-002]","20min",P0,QA-Team-1,pending,"Test covers: button sticks; animation smooth; opacity correct"
4,Sticky-Sections,ST-006,Unit test StickyComparisonTable component,"[ST-003]","20min",P0,QA-Team-1,pending,"Test covers: table sticks; internal scroll works; no layout shift"
4,Sticky-Sections,ST-007,Visual test sticky sections (manual),"[ST-004,ST-005,ST-006]","20min",P1,QA-Team-1,pending,"Scroll page; verify sections stick; no layout shift; smooth"
4,Premium-UI-Integration,PUI-001,Wire SkeletonList to DiagnosisForm,"[LS-004,CM-004]","20min",P0,Frontend-Team-2,pending,"Loading skeleton shows while form initializing"
4,Premium-UI-Integration,PUI-002,Wire StepProgressBar to ResultsDisplay,"[LS-006,CM-005]","20min",P0,Frontend-Team-2,pending,"Progress bar shows 4-agent pipeline stages"
4,Premium-UI-Integration,PUI-003,Wire ErrorState to API errors,"[ES-001,RC-003]","20min",P0,Frontend-Team-2,pending,"Error state displays on API failure; matches error type"
4,Premium-UI-Integration,PUI-004,Wire OfflineState to network status,"[ES-007,RC-003]","20min",P0,Frontend-Team-2,pending,"Offline state shows when network disconnected; auto-detects reconnection"
5,Dark-Theme,DT-100,Create dark color palette tokens,"[DT-001]","30min",P0,Design-Team,pending,"tokens.colors.dark object created; minimum 8 colors with high contrast"
5,Dark-Theme,DT-101,Create dark theme color mappings,"[DT-100,SF-001]","30min",P0,Design-Team,pending,"Mapping defines dark variants for all light colors"
5,Dark-Theme,DT-102,Create dark shadow tokens,"[DT-005,DT-100]","20min",P0,Design-Team,pending,"Dark shadows defined for elevation; visible on dark backgrounds"
5,Dark-Theme,DT-103,Verify dark theme contrast (WCAG AA),"[DT-100,DT-102,SF-006]","30min",P0,QA-Team-1,pending,"All dark theme colors have 4.5:1+ contrast ratio"
5,Dark-Theme,DT-104,Create glassmorphism tokens,"[DT-100,DT-102]","20min",P0,Design-Team,pending,"Tokens for semi-transparent surfaces backdrop blur effects"
5,Theme-Switching,TS-001,Create useTheme hook with localStorage,"[RC-004]","20min",P0,Frontend-Team-2,pending,"Hook persists theme choice to localStorage; reads on page load"
5,Theme-Switching,TS-002,Implement theme persistence to localStorage,"[TS-001]","20min",P0,Frontend-Team-2,pending,"Theme choice saved to localStorage key; persists across sessions"
5,Theme-Switching,TS-003,Implement theme auto-detection from system,"[TS-001]","20min",P0,Frontend-Team-2,pending,"Detects prefers-color-scheme; uses as default if no localStorage"
5,Theme-Switching,TS-004,Implement smooth theme transition (0.3s),"[TS-001,DT-003]","30min",P0,Frontend-Team-2,pending,"Theme switch animates smoothly; transition time 300ms or less"
5,Theme-Switching,TS-005,Unit test useTheme localStorage persistence,"[TS-001,TS-002]","20min",P0,QA-Team-1,pending,"Test covers: saves to localStorage; reads from localStorage; persists"
5,Theme-Switching,TS-006,Unit test system theme detection,"[TS-003]","15min",P0,QA-Team-1,pending,"Test covers: prefers-color-scheme detected; correct default used"
5,Theme-Switching,TS-007,Unit test theme transition animation,"[TS-004]","20min",P0,QA-Team-1,pending,"Test covers: CSS transition applied; duration correct; smooth"
5,Responsive-Desktop,RD-001,Verify desktop layout (1200px+) shows all features,"[RC-010]","20min",P0,QA-Team-1,pending,"Desktop view shows: full header navigation all animations"
5,Responsive-Desktop,RD-002,Verify desktop animations render at 60 FPS,"[ME-003,ME-005]","30min",P1,QA-Team-1,pending,"DevTools Rendering tab shows 60 FPS; no jank; smooth transitions"
5,Responsive-Tablet,RT-001,Verify tablet layout (768-1199px) optimized,"[RC-010]","20min",P0,QA-Team-1,pending,"Tablet view shows: side panel collapses; font sizes scale; touch-friendly"
5,Responsive-Tablet,RT-002,Reduce parallax on tablet,"[MC-007]","20min",P0,Frontend-Team-2,pending,"Parallax effect reduced on tablet; 50% depth; still smooth"
5,Responsive-Tablet,RT-003,Optimize animations for tablet performance,"[ME-008]","20min",P0,Frontend-Team-2,pending,"Some animations disabled on tablet if performance drops; fallback to simpler version"
5,Responsive-Mobile,RM-001,Verify mobile layout (<768px) touch-friendly,"[RC-010]","20min",P0,QA-Team-1,pending,"Mobile view shows: stacked layout; buttons 44px+ height; readable text"
5,Responsive-Mobile,RM-002,Disable hover states on mobile,"[ME-003]","20min",P0,Frontend-Team-2,pending,"Hover states converted to active/focus on mobile; no touch hover"
5,Responsive-Mobile,RM-003,Simplify animations on mobile,"[MC-002]","20min",P0,Frontend-Team-2,pending,"Complex animations simplified or disabled; scroll-triggered animations may be removed"
5,Responsive-Mobile,RM-004,Remove parallax on mobile,"[MC-007]","20min",P0,Frontend-Team-2,pending,"Parallax effect disabled on mobile; fallback to static or subtle effect"
5,Responsive-Mobile,RM-005,Optimize font sizes for mobile readability,"[DT-002]","20min",P0,Frontend-Team-1,pending,"Typography adjusted for mobile; minimum 16px base; clear hierarchy"
5,Glassmorphism,GM-001,Implement glassmorphism cards (dark theme),"[DT-104,SF-001]","30min",P0,Frontend-Team-2,pending,"Cards use semi-transparent background; backdrop blur applied; elevated"
5,Glassmorphism,GM-002,Implement glassmorphism modals (dark theme),"[DT-104,SF-001]","30min",P0,Frontend-Team-2,pending,"Modals use glassmorphism effect; semi-transparent; backdrop blurred"
5,Glassmorphism,GM-003,Ensure glassmorphism contrast (WCAG AA),"[GM-001,GM-002,SF-006]","20min",P0,QA-Team-1,pending,"Text on glassmorphism surfaces has 4.5:1+ contrast; readable"
5,Theme-Testing,TT-001,Manual test light theme colors (desktop),"[DT-103,RD-001]","20min",P1,QA-Team-1,pending,"Light theme: all colors correct; text readable; buttons clear"
5,Theme-Testing,TT-002,Manual test dark theme colors (desktop),"[DT-103,RD-001]","20min",P1,QA-Team-1,pending,"Dark theme: all colors correct; text readable 4.5:1+; buttons clear"
5,Theme-Testing,TT-003,Manual test theme toggle (desktop),"[TS-005,RD-001]","20min",P1,QA-Team-1,pending,"Click toggle; theme switches instantly; localStorage persists"
5,Theme-Testing,TT-004,Manual test theme toggle (mobile),"[TS-005,RM-001]","20min",P1,QA-Team-1,pending,"Click toggle on mobile; theme switches; persists across sessions"
5,Theme-Testing,TT-005,Manual test dark theme contrast (axe DevTools),"[DT-103,TT-002]","20min",P1,QA-Team-1,pending,"Run axe DevTools; all colors pass WCAG AA minimum"
5,Theme-Testing,TT-006,Manual test responsive breakpoints (tablet),"[RT-001,TT-001]","20min",P1,QA-Team-1,pending,"Resize to tablet; layout adjusts; no text overflow; buttons clickable"
5,Theme-Testing,TT-007,Manual test responsive breakpoints (mobile),"[RM-001,TT-001]","20min",P1,QA-Team-1,pending,"Resize to mobile; layout stacks; text readable; buttons 44px+"
6,API-Client,AC-001,Create API client module,"[]","30min",P0,Frontend-Team-1,pending,"File exists at src/www/api/client.js; exports functions"
6,API-Client,AC-002,Implement diagnoseIncident function,"[AC-001]","30min",P0,Frontend-Team-1,pending,"Function accepts incident string; returns diagnosis object; handles errors"
6,API-Client,AC-003,Implement classifyError function,"[AC-001]","30min",P0,Frontend-Team-1,pending,"Function classifies error type: network timeout rate-limit auth server unknown"
6,API-Client,AC-004,Implement getUserFacingMessage function,"[AC-001]","20min",P0,Frontend-Team-1,pending,"Function returns user-friendly message for each error type"
6,API-Client,AC-005,Implement shouldRetry function,"[AC-001]","20min",P0,Frontend-Team-1,pending,"Function determines if error is retryable; ignores 400 403 404"
6,API-Client,AC-006,Implement getRetryDelay function,"[AC-001]","20min",P0,Frontend-Team-1,pending,"Function returns exponential backoff: 1s 2s 4s"
6,API-Client,AC-007,Unit test diagnoseIncident success,"[AC-002]","20min",P0,QA-Team-1,pending,"Test covers: successful request; returns diagnosis object; all fields present"
6,API-Client,AC-008,Unit test diagnoseIncident error handling,"[AC-002,AC-003]","30min",P0,QA-Team-1,pending,"Test covers: network error timeout rate limit auth server errors"
6,API-Client,AC-009,Unit test classifyError function,"[AC-003]","20min",P0,QA-Team-1,pending,"Test covers: all error types classified correctly"
6,API-Client,AC-010,Unit test getUserFacingMessage function,"[AC-004]","20min",P0,QA-Team-1,pending,"Test covers: user-friendly messages for all error types"
6,API-Client,AC-011,Unit test shouldRetry function,"[AC-005]","20min",P0,QA-Team-1,pending,"Test covers: retryable errors identified; non-retryable rejected"
6,API-Client,AC-012,Unit test getRetryDelay function,"[AC-006]","20min",P0,QA-Team-1,pending,"Test covers: exponential backoff calculated correctly; max 8s"
6,Retry-Logic,RL-001,Implement retry wrapper function,"[AC-002,AC-005,AC-006]","30min",P0,Frontend-Team-1,pending,"Function wraps API call; retries up to 3 times; exponential backoff"
6,Retry-Logic,RL-002,Implement exponential backoff with jitter,"[RL-001,AC-006]","20min",P0,Frontend-Team-1,pending,"Backoff includes jitter to avoid thundering herd"
6,Retry-Logic,RL-003,Implement max retry limit (3),"[RL-001]","10min",P0,Frontend-Team-1,pending,"After 3 failed retries; error is thrown"
6,Retry-Logic,RL-004,Unit test retry wrapper success after retries,"[RL-001]","20min",P0,QA-Team-1,pending,"Test covers: fails once; succeeds on retry; total attempts 2"
6,Retry-Logic,RL-005,Unit test retry wrapper failure after max retries,"[RL-003]","20min",P0,QA-Team-1,pending,"Test covers: fails 3 times; error thrown; no more retries"
6,Retry-Logic,RL-006,Unit test exponential backoff timing,"[RL-002,AC-006]","30min",P0,QA-Team-1,pending,"Test covers: backoff delays correct; jitter applied; total time reasonable"
6,Timeout-Handling,TH-001,Implement timeout logic (30 seconds),"[AC-002]","20min",P0,Frontend-Team-1,pending,"API call aborted if no response after 30 seconds"
6,Timeout-Handling,TH-002,Implement timeout error classification,"[TH-001,AC-003]","10min",P0,Frontend-Team-1,pending,"Timeout errors classified separately from network errors"
6,Timeout-Handling,TH-003,Implement timeout UI feedback,"[TH-001,ES-004]","20min",P0,Frontend-Team-2,pending,"User shown timeout error; manual retry button; countdown timer"
6,Timeout-Handling,TH-004,Unit test timeout after 30 seconds,"[TH-001]","20min",P0,QA-Team-1,pending,"Test covers: request aborted after 30s; error thrown; retryable"
6,Timeout-Handling,TH-005,Unit test timeout error message,"[TH-002,TH-003]","15min",P0,QA-Team-1,pending,"Test covers: user-friendly timeout message; retry option"
6,Error-Classification,EC-001,Classify network errors (offline timeout connection reset),"[AC-003]","20min",P0,Frontend-Team-1,pending,"Network error type detected; user-friendly message"
6,Error-Classification,EC-002,Classify rate limit errors (429),"[AC-003]","10min",P0,Frontend-Team-1,pending,"Rate limit detected; shows wait time if available"
6,Error-Classification,EC-003,Classify invalid input errors (400),"[AC-003]","10min",P0,Frontend-Team-1,pending,"Invalid input detected; shows field-level errors"
6,Error-Classification,EC-004,Classify auth errors (401 403),"[AC-003]","10min",P0,Frontend-Team-1,pending,"Auth error detected; suggests re-login or contact support"
6,Error-Classification,EC-005,Classify server errors (5xx),"[AC-003]","10min",P0,Frontend-Team-1,pending,"Server error detected; suggests retry; shows trace ID"
6,Error-Classification,EC-006,Classify unknown errors,"[AC-003]","10min",P0,Frontend-Team-1,pending,"Unknown error type; safe fallback message"
6,Error-Classification,EC-007,Unit test error classification (all types),"[EC-001,EC-002,EC-003,EC-004,EC-005,EC-006]","30min",P0,QA-Team-1,pending,"Test covers: all error types classified correctly"
6,Progress-Feedback,PF-001,Implement onProgress callback,"[AC-002]","20min",P0,Frontend-Team-1,pending,"API client supports onProgress callback; fires for each stage"
6,Progress-Feedback,PF-002,Update Progress Bar based on onProgress,"[PF-001,LS-006]","20min",P0,Frontend-Team-2,pending,"Progress bar shows current stage; updates in real-time"
6,Progress-Feedback,PF-003,Show stage labels in progress,"[PF-002]","15min",P0,Frontend-Team-2,pending,"Progress shows: Router Retriever Skeptic Verifier stages"
6,Progress-Feedback,PF-004,Unit test onProgress callback fires,"[PF-001]","20min",P0,QA-Team-1,pending,"Test covers: callback fires for each stage; data correct"
6,Progress-Feedback,PF-005,Unit test progress bar updates correctly,"[PF-002]","20min",P0,QA-Team-1,pending,"Test covers: progress bar shows current stage; updates smooth"
6,API-Integration,API-001,Wire API client to DiagnosisForm,"[AC-002,CM-004,PUI-002]","20min",P0,Frontend-Team-2,pending,"Form submission calls API; shows progress; displays results"
6,API-Integration,API-002,Wire error handling to ErrorState,"[EC-007,ES-001,PUI-003]","20min",P0,Frontend-Team-2,pending,"API errors display in ErrorState; matches error type"
6,API-Integration,API-003,Wire retry logic to UI,"[RL-001,API-002]","20min",P0,Frontend-Team-2,pending,"User can click retry button; same request retried with backoff"
6,API-Integration,API-004,Wire timeout handling to UI,"[TH-003,API-002]","20min",P0,Frontend-Team-2,pending,"Timeout displays error; manual retry option; countdown timer"
7,Accessibility-ARIA,AA-001,Add aria-label to buttons without visible text,"[]","30min",P0,Frontend-Team-1,pending,"All buttons without visible labels have aria-label"
7,Accessibility-ARIA,AA-002,Add aria-live regions for dynamic content,"[RC-001]","30min",P0,Frontend-Team-1,pending,"Dynamic content updates announced to screen readers"
7,Accessibility-ARIA,AA-003,Add aria-expanded to collapsible sections,"[]","20min",P0,Frontend-Team-1,pending,"Collapsible sections have aria-expanded attribute"
7,Accessibility-ARIA,AA-004,Add aria-busy to loading states,"[LS-001]","20min",P0,Frontend-Team-1,pending,"Loading elements have aria-busy=true; false when loaded"
7,Accessibility-ARIA,AA-005,Add aria-invalid to form errors,"[CM-004]","20min",P0,Frontend-Team-1,pending,"Form fields with errors have aria-invalid=true"
7,Accessibility-ARIA,AA-006,Add aria-describedby to error messages,"[ES-001,AA-005]","20min",P0,Frontend-Team-1,pending,"Error descriptions linked to fields with aria-describedby"
7,Accessibility-ARIA,AA-007,Unit test ARIA labels (axe DevTools),"[AA-001,AA-002,AA-003,AA-004,AA-005,AA-006]","30min",P0,QA-Team-1,pending,"Run axe DevTools; all ARIA violations fixed"
7,Keyboard-Navigation,KN-001,Verify tab order follows visual flow,"[RC-010]","20min",P0,QA-Team-1,pending,"Tab through page; order matches visual flow; no traps"
7,Keyboard-Navigation,KN-002,Implement Tab key navigation,"[]","20min",P0,Frontend-Team-1,pending,"Tab moves focus through interactive elements; logical order"
7,Keyboard-Navigation,KN-003,Implement Enter key on buttons,"[]","10min",P0,Frontend-Team-1,pending,"Enter triggers button click"
7,Keyboard-Navigation,KN-004,Implement Space key on buttons,"[]","10min",P0,Frontend-Team-1,pending,"Space triggers button click"
7,Keyboard-Navigation,KN-005,Implement Escape to close modals,"[]","15min",P0,Frontend-Team-1,pending,"Escape key closes open modals"
7,Keyboard-Navigation,KN-006,Implement arrow keys for list navigation,"[]","30min",P0,Frontend-Team-1,pending,"Arrow keys move focus within lists"
7,Keyboard-Navigation,KN-007,Unit test keyboard navigation,"[KN-001,KN-002,KN-003,KN-004,KN-005,KN-006]","40min",P0,QA-Team-1,pending,"Test covers: all keyboard interactions work; no focus traps"
7,Focus-Management,FM-001,Add visible focus outline (ring),"[DT-001]","20min",P0,Frontend-Team-1,pending,"All interactive elements have visible focus outline; uses token color"
7,Focus-Management,FM-002,Remove default focus outline (replace with custom),"[FM-001]","10min",P0,Frontend-Team-1,pending,"outline: none; replaced with custom focus style"
7,Focus-Management,FM-003,Implement focus trap in modals,"[]","30min",P0,Frontend-Team-2,pending,"Focus cycles within modal; cannot escape with Tab"
7,Focus-Management,FM-004,Implement focus restore on modal close,"[FM-003]","20min",P0,Frontend-Team-2,pending,"Focus returns to triggering element when modal closes"
7,Focus-Management,FM-005,Add skip-to-content link,"[RC-010]","15min",P0,Frontend-Team-1,pending,"Skip link at top of page; jumps to main content"
7,Focus-Management,FM-006,Unit test focus management (react-testing-library),"[FM-001,FM-002,FM-003,FM-004,FM-005]","30min",P0,QA-Team-1,pending,"Test covers: focus visible; trap works; restore works; skip link works"
7,User-Preferences,UP-001,Detect prefers-reduced-motion,"[RC-006,DT-003]","20min",P0,Frontend-Team-1,pending,"Respects prefers-reduced-motion media query"
7,User-Preferences,UP-002,Disable animations for prefers-reduced-motion,"[UP-001,MC-002]","30min",P0,Frontend-Team-2,pending,"All animations disabled/simplified when prefers-reduced-motion active"
7,User-Preferences,UP-003,Detect prefers-color-scheme,"[TS-003]","10min",P0,Frontend-Team-1,pending,"Auto-detect dark/light theme from system preference"
7,User-Preferences,UP-004,Detect prefers-contrast,"[]","20min",P0,Frontend-Team-1,pending,"High contrast mode available for users who need it"
7,User-Preferences,UP-005,Unit test prefers-reduced-motion,"[UP-002]","20min",P0,QA-Team-1,pending,"Test covers: animations disabled when preference active"
7,User-Preferences,UP-006,Unit test prefers-color-scheme,"[UP-003]","15min",P0,QA-Team-1,pending,"Test covers: correct theme used when preference active"
7,User-Preferences,UP-007,Unit test prefers-contrast,"[UP-004]","20min",P0,QA-Team-1,pending,"Test covers: high contrast enabled when preference active"
7,Accessibility-Testing,AT-001,Run axe DevTools scan (full page),"[AA-007,FM-006,UP-007]","20min",P0,QA-Team-1,pending,"axe scan shows 0 ARIA violations; all issues documented"
7,Accessibility-Testing,AT-002,Run WAVE accessibility scan,"[AT-001]","20min",P0,QA-Team-1,pending,"WAVE scan shows green status; all errors fixed"
7,Accessibility-Testing,AT-003,Test with screen reader (VoiceOver),"[AA-007]","30min",P1,QA-Team-1,pending,"VoiceOver reads all content; interactive elements announced"
7,Accessibility-Testing,AT-004,Test with screen reader (NVDA),"[AA-007]","30min",P1,QA-Team-1,pending,"NVDA reads all content; interactive elements announced"
7,Accessibility-Testing,AT-005,Manual keyboard-only navigation test,"[KN-007,FM-006]","30min",P1,QA-Team-1,pending,"Navigate entire page using only keyboard; all features accessible"
7,Accessibility-Testing,AT-006,Manual high-contrast mode test,"[UP-004]","20min",P1,QA-Team-1,pending,"High contrast mode enabled; text readable; colors distinct"
7,Accessibility-Testing,AT-007,Manual reduced-motion test,"[UP-002]","20min",P1,QA-Team-1,pending,"Reduced motion enabled; animations disabled; page still usable"
8,Bundle-Optimization,BO-001,Analyze current bundle size,"[]","15min",P0,Backend-Team,pending,"Run webpack-bundle-analyzer; document baseline size"
8,Bundle-Optimization,BO-002,Code split motion library,"[MU-010]","30min",P0,Frontend-Team-1,pending,"Motion utilities split into separate chunk; lazy loaded"
8,Bundle-Optimization,BO-003,Lazy load modal components,"[RC-001]","30min",P0,Frontend-Team-1,pending,"Modal components split; loaded on demand"
8,Bundle-Optimization,BO-004,Minify CSS-in-JS output,"[SF-011]","20min",P0,Frontend-Team-1,pending,"Style output minified; whitespace removed"
8,Bundle-Optimization,BO-005,Tree-shake unused utilities,"[BO-002,BO-004]","20min",P0,Frontend-Team-1,pending,"Unused motion utilities removed from bundle"
8,Bundle-Optimization,BO-006,Verify bundle size <300KB gzipped,"[BO-005]","15min",P0,QA-Team-1,pending,"Final gzipped bundle less than 300KB"
8,Animation-Performance,AP-001,Use GPU-accelerated properties (transform opacity),"[MC-002,ME-005]","30min",P0,Frontend-Team-2,pending,"All animations use transform and opacity; not left/top/width"
8,Animation-Performance,AP-002,Profile animations with DevTools,"[AP-001]","30min",P1,QA-Team-1,pending,"DevTools Rendering tab: 60 FPS on all animations; no jank"
8,Animation-Performance,AP-003,Remove heavy animations from mobile,"[RM-003,AP-001]","30min",P0,Frontend-Team-2,pending,"Complex animations disabled on mobile if performance drops"
8,Animation-Performance,AP-004,Implement animation performance monitoring,"[AP-002]","30min",P0,Frontend-Team-1,pending,"Console logs FPS metrics; alerts if drops below 55 FPS"
8,Image-Optimization,IO-001,Lazy load images on product cards,"[]","30min",P0,Frontend-Team-1,pending,"Images use loading=lazy attribute; start below viewport"
8,Image-Optimization,IO-002,Use responsive images (srcset),"[]","30min",P0,Frontend-Team-1,pending,"Image tags include srcset for multiple resolutions"
8,Image-Optimization,IO-003,Compress and optimize SVGs,"[]","20min",P0,Frontend-Team-1,pending,"SVGs optimized with svgo; no unnecessary elements"
8,Image-Optimization,IO-004,Use WebP with fallbacks,"[]","30min",P0,Frontend-Team-1,pending,"WebP images served where supported; PNG fallback for others"
8,Web-Vitals,WV-001,Add Web Vitals monitoring,"[]","30min",P0,Frontend-Team-1,pending,"web-vitals library integrated; metrics sent to analytics"
8,Web-Vitals,WV-002,Measure LCP (Largest Contentful Paint),"[WV-001]","20min",P0,QA-Team-1,pending,"LCP measured; target <2.5s"
8,Web-Vitals,WV-003,Measure FID (First Input Delay),"[WV-001]","20min",P0,QA-Team-1,pending,"FID measured; target <100ms"
8,Web-Vitals,WV-004,Measure CLS (Cumulative Layout Shift),"[WV-001]","20min",P0,QA-Team-1,pending,"CLS measured; target <0.1"
8,Web-Vitals,WV-005,Alert on metric degradation,"[WV-002,WV-003,WV-004]","30min",P0,Frontend-Team-1,pending,"Console warning if any metric exceeds target"
8,Lighthouse-Testing,LT-001,Run Lighthouse audit (desktop),"[BO-006,AP-002,WV-005]","20min",P1,QA-Team-1,pending,"Lighthouse score ≥90; all categories 90+"
8,Lighthouse-Testing,LT-002,Run Lighthouse audit (mobile),"[BO-006,AP-003,WV-005]","20min",P1,QA-Team-1,pending,"Lighthouse score ≥80 on mobile; performance ≥70"
8,Lighthouse-Testing,LT-003,Verify LCP <2.5s,"[LT-001]","15min",P1,QA-Team-1,pending,"Lighthouse LCP metric <2.5 seconds"
8,Lighthouse-Testing,LT-004,Verify FID <100ms,"[LT-001]","15min",P1,QA-Team-1,pending,"Lighthouse FID metric <100 milliseconds"
8,Lighthouse-Testing,LT-005,Verify CLS <0.1,"[LT-001]","15min",P1,QA-Team-1,pending,"Lighthouse CLS metric <0.1"
9,Unit-Tests,UT-001,Unit test design-tokens.js,"[DT-008]","Already completed","P0,QA-Team-1,done,"Tests passing; all tokens validated"
9,Unit-Tests,UT-002,Unit test motion-utils.js,"[MU-010]","Already completed","P0,QA-Team-1,done,"Tests passing; all utilities validated"
9,Unit-Tests,UT-003,Unit test style-factory.js,"[SF-011]","Already completed","P0,QA-Team-1,done,"Tests passing; all functions validated"
9,Unit-Tests,UT-004,Unit test API client,"[AC-012,EC-007]","Already completed","P0,QA-Team-1,done,"Tests passing; all error cases covered"
9,Unit-Tests,UT-005,Unit test all React components,"[CM-008]","Already completed","P0,QA-Team-1,done,"Tests passing; all components validated"
9,Unit-Tests,UT-006,Unit test all motion components,"[MC-016]","Already completed","P0,QA-Team-1,done,"Tests passing; all animations validated"
9,Unit-Tests,UT-007,Unit test all loading components,"[LS-015]","Already completed","P0,QA-Team-1,done,"Tests passing; all states validated"
9,Unit-Tests,UT-008,Unit test all error components,"[ES-015]","Already completed","P0,QA-Team-1,done,"Tests passing; all error types covered"
9,Component-Tests,CT-001,Component test Layout.jsx,"[RC-013]","Already completed","P0,QA-Team-1,done,"Tests passing; layout behavior verified"
9,Component-Tests,CT-002,Component test all motion components,"[MC-016]","Already completed","P0,QA-Team-1,done,"Tests passing; animations render correctly"
9,Component-Tests,CT-003,Component test ErrorState variants,"[ES-015]","Already completed","P0,QA-Team-1,done,"Tests passing; all error states render"
9,Component-Tests,CT-004,Component test EmptyState variants,"[EM-006]","Already completed","P0,QA-Team-1,done,"Tests passing; all empty states render"
9,Component-Tests,CT-005,Component test form components,"[CM-008]","Already completed","P0,QA-Team-1,done,"Tests passing; form interactions work"
9,Integration-Tests,IT-001,Integration test full diagnosis workflow,"[API-004,CM-005]","60min",P0,QA-Team-1,pending,"Submit form → API call → results display → complete"
9,Integration-Tests,IT-002,Integration test error recovery workflow,"[API-003,ES-001]","45min",P0,QA-Team-1,pending,"API error → ErrorState → retry → success"
9,Integration-Tests,IT-003,Integration test theme switching workflow,"[TS-005,TT-003]","30min",P0,QA-Team-1,pending,"Click theme toggle → theme changes → localStorage persists"
9,Integration-Tests,IT-004,Integration test loading state workflow,"[LS-001,CM-005]","30min",P0,QA-Team-1,pending,"Form submission → skeleton loading → content replaces skeleton"
9,Integration-Tests,IT-005,Integration test timeout and retry workflow,"[TH-004,RL-004,API-003]","45min",P0,QA-Team-1,pending,"Request timeout → error shown → manual retry succeeds"
9,E2E-Tests,ET-001,E2E test landing page loads,"[]","20min",P0,QA-Team-2,pending,"npm start; localhost:3000/index.html loads; no console errors"
9,E2E-Tests,ET-002,E2E test can submit diagnosis,"[ET-001,API-001]","30min",P0,QA-Team-2,pending,"Enter incident text; click submit; API called; response received"
9,E2E-Tests,ET-003,E2E test can see results,"[ET-002,CM-005]","30min",P0,QA-Team-2,pending,"Results display all 4 agent outputs; sections visible"
9,E2E-Tests,ET-004,E2E test can toggle theme,"[ET-001,TS-005]","20min",P0,QA-Team-2,pending,"Click theme toggle; theme switches; persists on reload"
9,E2E-Tests,ET-005,E2E test error recovery (retry),"[ET-002,API-003]","30min",P0,QA-Team-2,pending,"Simulate API error; error shown; click retry; succeeds"
9,E2E-Tests,ET-006,E2E test keyboard navigation,"[ET-001,KN-007]","20min",P0,QA-Team-2,pending,"Tab through page; all interactive elements accessible"
9,E2E-Tests,ET-007,E2E test mobile layout,"[ET-001,RM-001]","20min",P0,QA-Team-2,pending,"Resize to mobile; layout responsive; buttons clickable"
9,E2E-Tests,ET-008,E2E test animations (60 FPS),"[ET-001,AP-002]","20min",P1,QA-Team-2,pending,"DevTools Rendering shows 60 FPS on all animations"
9,Visual-Regression,VR-001,Take baseline screenshots (light theme),"[TT-001]","30min",P0,QA-Team-1,pending,"Screenshots of all pages in light theme"
9,Visual-Regression,VR-002,Take baseline screenshots (dark theme),"[TT-002]","30min",P0,QA-Team-1,pending,"Screenshots of all pages in dark theme"
9,Visual-Regression,VR-003,Compare new screenshots to baseline (light),"[VR-001]","20min",P1,QA-Team-1,pending,"Visual regression test passes; no unexpected changes"
9,Visual-Regression,VR-004,Compare new screenshots to baseline (dark),"[VR-002]","20min",P1,QA-Team-1,pending,"Visual regression test passes; no unexpected changes"
9,Visual-Regression,VR-005,Verify animations are smooth (manual videos),"[AP-002,VR-001]","30min",P1,QA-Team-1,pending,"Record videos of animations; no jank; 60 FPS evident"
9,Manual-QA,MQA-001,Manual test form validation,"[CM-004]","20min",P0,QA-Team-2,pending,"Test: empty input rejected; 10+ chars accepted; 2000 max"
9,Manual-QA,MQA-002,Manual test API success flow,"[API-001]","30min",P0,QA-Team-2,pending,"Submit valid incident; results display correctly; all sections filled"
9,Manual-QA,MQA-003,Manual test API network error,"[EC-001,ES-001]","20min",P0,QA-Team-2,pending,"Disconnect network; submit; error shown; reconnect; retry works"
9,Manual-QA,MQA-004,Manual test API timeout,"[TH-004,ES-004]","20min",P0,QA-Team-2,pending,"Wait 30+ seconds for response; timeout error shown; retry works"
9,Manual-QA,MQA-005,Manual test API rate limit,"[EC-002,ES-006]","20min",P0,QA-Team-2,pending,"Trigger rate limit (429); error shown; countdown timer visible"
9,Manual-QA,MQA-006,Manual test dark theme contrast,"[TT-005]","15min",P0,QA-Team-2,pending,"Dark theme all text ≥4.5:1 contrast; no eye strain"
9,Manual-QA,MQA-007,Manual test mobile responsiveness,"[RM-001]","20min",P0,QA-Team-2,pending,"Mobile layout: stacked; text readable; buttons 44px+"
9,Manual-QA,MQA-008,Manual test accessibility (keyboard only),"[AT-005]","30min",P0,QA-Team-2,pending,"Navigate entire page with keyboard; all features work"
9,Manual-QA,MQA-009,Manual test accessibility (screen reader),"[AT-003]","30min",P0,QA-Team-2,pending,"Use VoiceOver/NVDA; all content read; interactive elements announced"
9,Manual-QA,MQA-010,Manual test performance (Lighthouse),"[LT-001]","20min",P0,QA-Team-2,pending,"Run Lighthouse; score ≥90; all metrics in target"
10,Documentation-CLAUDE,DC-001,Add frontend standards to CLAUDE.md,"[DS-001]","30min",P0,Documentation-Team,pending,"CLAUDE.md updated with design tokens component API requirements"
10,Documentation-CLAUDE,DC-002,Document design token structure,"[DS-001]","20min",P0,Documentation-Team,pending,"All token definitions documented; usage examples provided"
10,Documentation-CLAUDE,DC-003,Document motion library reference,"[MU-010]","30min",P0,Documentation-Team,pending,"All motion utilities documented; examples for each function"
10,Documentation-CLAUDE,DC-004,Document API client reference,"[AC-012]","30min",P0,Documentation-Team,pending,"API client documented; error handling examples; retry logic"
10,Documentation-CLAUDE,DC-005,Document accessibility guidelines,"[AT-007]","20min",P0,Documentation-Team,pending,"A11y best practices documented; ARIA label examples"
10,Documentation-CLAUDE,DC-006,Add troubleshooting guide to CLAUDE.md,"[DC-001]","30min",P0,Documentation-Team,pending,"Common issues documented; solutions provided"
10,Component-Documentation,CD-001,Create COMPONENT_API.md file,"[]","20min",P0,Documentation-Team,pending,"File exists at docs/COMPONENT_API.md"
10,Component-Documentation,CD-002,Document Layout component,"[CD-001,RC-013]","20min",P0,Documentation-Team,pending,"Props; usage examples; visual hierarchy explained"
10,Component-Documentation,CD-003,Document ThemeToggle component,"[CD-001,RC-014]","15min",P0,Documentation-Team,pending,"Props; usage examples; theme switching explained"
10,Component-Documentation,CD-004,Document motion components,"[CD-001,MC-016]","30min",P0,Documentation-Team,pending,"AnimatedSection FadeIn ZoomIn etc documented; examples"
10,Component-Documentation,CD-005,Document loading components,"[CD-001,LS-015]","30min",P0,Documentation-Team,pending,"Skeleton ProgressBar LoadingAnimation etc documented"
10,Component-Documentation,CD-006,Document error components,"[CD-001,ES-015]","30min",P0,Documentation-Team,pending,"ErrorState variants OfflineState etc documented"
10,Component-Documentation,CD-007,Document empty state components,"[CD-001,EM-006]","20min",P0,Documentation-Team,pending,"EmptyState variants documented; usage guidelines"
10,Architecture-Documentation,AD-001,Create FRONTEND_ARCHITECTURE.md file,"[]","20min",P0,Documentation-Team,pending,"File exists at docs/FRONTEND_ARCHITECTURE.md"
10,Architecture-Documentation,AD-002,Document React component hierarchy,"[AD-001]","20min",P0,Documentation-Team,pending,"Component tree shown; provider structure explained"
10,Architecture-Documentation,AD-003,Document context API structure,"[AD-001,RC-008]","20min",P0,Documentation-Team,pending,"ThemeContext UIStateContext documented; data flow explained"
10,Architecture-Documentation,AD-004,Document API client architecture,"[AD-001,AC-012]","20min",P0,Documentation-Team,pending,"Error handling; retry logic; timeout handling explained"
10,Architecture-Documentation,AD-005,Document motion system architecture,"[AD-001,MU-010]","20min",P0,Documentation-Team,pending,"Tokens; utilities; components; interaction model explained"
10,Architecture-Documentation,AD-006,Document design token system,"[AD-001,DS-001]","20min",P0,Documentation-Team,pending,"Token structure; usage; theme switching explained"
10,Architecture-Documentation,AD-007,Create system design diagram (visual),"[AD-006]","30min",P1,Documentation-Team,pending,"Visual diagram of system architecture; flow clear"
10,Performance-Budget,PB-001,Create performance budget documentation,"[]","20min",P0,Documentation-Team,pending,"Performance budgets defined; targets clear"
10,Performance-Budget,PB-002,Document motion performance budget,"[PB-001,BO-006]","15min",P0,Documentation-Team,pending,"Motion library max 2MB; monitoring explained"
10,Performance-Budget,PB-003,Document bundle performance budget,"[PB-001,BO-006]","15min",P0,Documentation-Team,pending,"Bundle max 300KB gzipped; monitoring explained"
10,Performance-Budget,PB-004,Document LCP performance target,"[PB-001,WV-002]","15min",P0,Documentation-Team,pending,"LCP target <2.5s; optimization strategies documented"
10,Performance-Budget,PB-005,Document FID performance target,"[PB-001,WV-003]","15min",P0,Documentation-Team,pending,"FID target <100ms; optimization strategies documented"
10,Performance-Budget,PB-006,Document CLS performance target,"[PB-001,WV-004]","15min",P0,Documentation-Team,pending,"CLS target <0.1; optimization strategies documented"
10,Testing-Guide,TG-001,Create TESTING.md file (frontend),"[]","20min",P0,Documentation-Team,pending,"File exists at docs/FRONTEND_TESTING.md"
10,Testing-Guide,TG-002,Document unit test execution,"[TG-001]","15min",P0,Documentation-Team,pending,"npm test command documented; output explained"
10,Testing-Guide,TG-003,Document integration test execution,"[TG-001]","15min",P0,Documentation-Team,pending,"Integration test suites listed; how to run documented"
10,Testing-Guide,TG-004,Document E2E test execution,"[TG-001]","15min",P0,Documentation-Team,pending,"E2E test suites listed; how to run documented"
10,Testing-Guide,TG-005,Document visual regression testing,"[TG-001]","15min",P0,Documentation-Team,pending,"Visual regression process documented; how to review"
10,Testing-Guide,TG-006,Document manual QA checklist,"[TG-001]","20min",P0,Documentation-Team,pending,"Complete QA checklist provided; test scenarios"
10,Readiness-Check,RC-100,Verify all Phase 1 tasks complete,"[DT-010]","15min",P0,Project-Manager,pending,"DT-001 through DT-013 all done; no blockers"
10,Readiness-Check,RC-101,Verify all Phase 2 tasks complete,"[RI-007]","15min",P0,Project-Manager,pending,"RC-001 through RI-007 all done; no blockers"
10,Readiness-Check,RC-102,Verify all Phase 3 tasks complete,"[ME-010]","15min",P0,Project-Manager,pending,"MC-001 through ME-010 all done; no blockers"
10,Readiness-Check,RC-103,Verify all Phase 4 tasks complete,"[PUI-004]","15min",P0,Project-Manager,pending,"LS-001 through PUI-004 all done; no blockers"
10,Readiness-Check,RC-104,Verify all Phase 5 tasks complete,"[TT-007]","15min",P0,Project-Manager,pending,"DT-100 through TT-007 all done; no blockers"
10,Readiness-Check,RC-105,Verify all Phase 6 tasks complete,"[API-004]","15min",P0,Project-Manager,pending,"AC-001 through API-004 all done; no blockers"
10,Readiness-Check,RC-106,Verify all Phase 7 tasks complete,"[AT-007]","15min",P0,Project-Manager,pending,"AA-001 through AT-007 all done; no blockers"
10,Readiness-Check,RC-107,Verify all Phase 8 tasks complete,"[LT-005]","15min",P0,Project-Manager,pending,"BO-001 through LT-005 all done; no blockers"
10,Readiness-Check,RC-108,Verify all Phase 9 tasks complete,"[MQA-010]","15min",P0,Project-Manager,pending,"UT-001 through MQA-010 all done; 100% tests pass"
10,Readiness-Check,RC-109,Verify all Phase 10 tasks complete,"[TG-006]","15min",P0,Project-Manager,pending,"DC-001 through TG-006 all done; docs complete"
10,Final-Checklist,FC-001,Confirm zero console errors (desktop),"[RC-100,RC-101]","15min",P0,QA-Team-1,pending,"npm start; open localhost:3000; console clean"
10,Final-Checklist,FC-002,Confirm zero console errors (mobile),"[RC-100,RC-101]","15min",P0,QA-Team-1,pending,"Resize to mobile; console clean"
10,Final-Checklist,FC-003,Confirm all animations 60 FPS (desktop),"[AP-002]","15min",P0,QA-Team-1,pending,"DevTools Rendering: 60 FPS on all animations"
10,Final-Checklist,FC-004,Confirm all animations 60 FPS (mobile),"[AP-003]","15min",P0,QA-Team-1,pending,"DevTools Rendering on mobile: 60 FPS or simplified"
10,Final-Checklist,FC-005,Confirm dark theme readable,"[TT-005]","10min",P0,QA-Team-1,pending,"Dark theme: all text ≥4.5:1 contrast"
10,Final-Checklist,FC-006,Confirm bundle size <300KB,"[BO-006]","10min",P0,QA-Team-1,pending,"Gzipped bundle confirmed <300KB"
10,Final-Checklist,FC-007,Confirm Lighthouse score ≥90,"[LT-001]","10min",P0,QA-Team-1,pending,"Lighthouse audit: score ≥90"
10,Final-Checklist,FC-008,Confirm all critical workflows pass,"[IT-005]","20min",P0,QA-Team-1,pending,"Diagnosis flow; error recovery; theme switching all work"
10,Final-Checklist,FC-009,Confirm keyboard navigation works,"[AT-005]","15min",P0,QA-Team-1,pending,"Tab through entire page; all features accessible"
10,Final-Checklist,FC-010,Confirm accessibility WCAG AA,"[AT-001]","15min",P0,QA-Team-1,pending,"axe DevTools: 0 violations; WCAG AA compliant"
10,Final-Checklist,FC-011,Confirm all tests passing,"[MQA-010]","15min",P0,QA-Team-1,pending,"npm test: 100% of tests pass; coverage ≥80%"
10,Final-Checklist,FC-012,Confirm docs complete,"[TG-006]","15min",P0,Documentation-Team,pending,"All documentation files created; accurate; examples work"
10,Post-Launch,PL-001,Create git commit for Phase 10,"[]","20min",P0,Frontend-Team-1,pending,"Final commit with all Phase 10 work; clear message"
10,Post-Launch,PL-002,Merge to main branch,"[PL-001]","10min",P0,Backend-Team,pending,"Create PR; get approval; merge to main"
10,Post-Launch,PL-003,Deploy to production,"[PL-002]","20min",P0,DevOps-Team,pending,"Run deployment script; verify production working"
10,Post-Launch,PL-004,Monitor production metrics (1 week),"[PL-003]","5min/day",P0,DevOps-Team,pending,"Watch Lighthouse; Web Vitals; error rate; performance"
10,Post-Launch,PL-005,Gather user feedback,"[PL-003]","1h",P0,Product-Team,pending,"User testing; feedback collection; improvement list"
10,Post-Launch,PL-006,Plan Phase 2 improvements,"[PL-005]","2h",P0,Product-Team,pending,"Next improvement roadmap based on feedback"
